{"schemaVersion":"1.0","appDefinitionTemplate":{"id":"/providers/Microsoft.PowerApps/apps/","type":"Microsoft.PowerApps/apps","tags":{"primaryDeviceWidth":"1366","primaryDeviceHeight":"768","supportsPortrait":"true","supportsLandscape":"true","primaryFormFactor":"Tablet","publisherVersion":"3.22053.15","minimumRequiredApiVersion":"2.2.0","hasComponent":"false","hasUnlockedComponent":"false","isUnifiedRootApp":"false","sienaVersion":"20220604T205504Z-3.22053.15.0"},"properties":{"appVersion":"2022-06-04T20:55:04Z","lifeCycleId":"Published","createdByClientVersion":{"major":3,"minor":22053,"build":15,"revision":0,"majorRevision":0,"minorRevision":0},"minClientVersion":{"major":3,"minor":22053,"build":15,"revision":0,"majorRevision":0,"minorRevision":0},"backgroundColor":"RGBA(0,176,240,1)","backgroundImageUri":"/14528530676409084358/N822807fe-1150-4857-85eb-5192a99084da-logoSmallFile","displayName":"CosmoStar Store App","description":"","commitMessage":"","appUris":{"documentUri":{"value":"/14528530676409084358/N3cd919af-f4c6-4960-a266-7872a9bed79b-document.msapp"},"imageUris":[]},"createdTime":"0001-01-01T00:00:00Z","lastModifiedTime":"0001-01-01T00:00:00Z","sharedGroupsCount":0,"sharedUsersCount":0,"icons":{"smallIconUri":"/14528530676409084358/N6cb990c7-ffe7-4a58-820b-e76951ead1a4-small.png","mediumIconUri":"/14528530676409084358/N69f1f3c6-1421-4c8f-8ca2-c6ebd244ac4d-medium.png","largeIconUri":"/14528530676409084358/N0da267b1-f41c-4174-aa61-891ece09131a-large.png","wideIconUri":"/14528530676409084358/N752098f7-58e6-49c5-8576-3e92de778ea8-wide.png"},"connectionReferences":{"e76da7aa-8557-4ab6-90c7-256d63fed137":{"id":"c977fc42-0952-4a22-a1b5-39452afd9593","displayName":"SharePoint","iconUri":"https://connectoricons-prod.azureedge.net/releases/v1.0.1578/1.0.1578.2813/sharepointonline/icon.png","dataSources":["Inventory"],"dependencies":[],"dependents":[],"parameterHints":{},"parameterHintsV2":{},"isOnPremiseConnection":false,"dataSets":{"https://revaturellc964.sharepoint.com/sites/P2_CosmoStarStore":{"dataSources":{"Inventory":{"tableName":"73130e86-ef7f-481f-a184-a6860675d966"}}}},"apiTier":"Standard","isCustomApiConnection":false,"actions":["providers/PowerPlatform.Governance/Operations/Read"]}},"databaseReferences":{},"almMode":"Environment","performanceOptimizationEnabled":true,"canConsumeAppPass":true,"executionRestrictions":{"isTeamsOnly":false,"dataLossPreventionEvaluationResult":{"status":"Compliant","lastEvaluationDate":"2022-06-04T20:55:20.2412113Z","violations":[],"violationsByPolicy":[],"violationErrorMessage":"The app uses the following connectors: shared_sharepointonline."}}},"appType":"ClassicCanvasApp","appComponents":[]}}